barcode,patient_ID,pool_name,mito_frac,n_umi,n_gene,finalized_major_cell_type,sex,age,additional_sud_dx,cd4_nadir_tp,cd4_final_tp,race,ethnicity,od_death,tissue_loc,pmi,hiv_sud_status
GTACAGTAGATACAGT-1_HIV-8,9,D,0.0005109862033724,1957,1167,dopaminergic_neuron,m,-0.9324704154607031,n,normal,normal,u,hl,n,midbrain,-1.2695194774128216,neg_y
GTGACGCTCACCCTCA-1_SN16,1,F,0.0,314,264,dopaminergic_neuron,m,0.21274810449831544,y,normal,normal,w,nhl,n,coronal,-0.6206539667351572,neg_y
AGCGTCGGTAGCTGTT-1_SNr32,6,R,0.0,644,327,dopaminergic_neuron,m,-0.6201380918355162,n,normal,normal,u,hl,n,midbrain,-0.37732940023103295,neg_n
TTCTAGTGTTGTAGCT-1_HIV-9,10,E,0.0113493064312722,793,603,dopaminergic_neuron,f,0.7333019772069602,y,normal,normal,u,hl,n,midbrain,-2.16170955459461,neg_y
GGGTTTATCAATGCAC-1_SN26,15,M,0.0007855459544382,1273,496,dopaminergic_neuron,m,1.149745075373876,y,normal,normal,b,nhl,y,midbrain,0.9204016211242958,neg_y
GACTATGTCGCTGATA-1_SNr31,1,Q,0.0,984,596,dopaminergic_neuron,m,0.21274810449831544,y,normal,normal,w,nhl,n,coronal,-0.6206539667351572,neg_y
CCTCAGTTCAAGCGTT-1_SNr5,8,T,0.0,568,111,dopaminergic_neuron,m,-0.2036949936686004,y,normal,normal,w,hl,n,midbrain,0.9204016211242958,neg_y
TCATGCCCACAGAGCA-1_SNr5,8,T,0.0001033057851239,9680,3526,dopaminergic_neuron,m,-0.2036949936686004,y,normal,normal,w,hl,n,midbrain,0.9204016211242958,neg_y
GGTGGCTTCTAGACAC-1_SNr32,6,R,0.0124843945068648,801,553,dopaminergic_neuron,m,-0.6201380918355162,n,normal,normal,u,hl,n,midbrain,-0.37732940023103295,neg_n
CATGGTACACTGATTG-1_HIV-10,13,A,0.0,700,539,dopaminergic_neuron,f,1.253855849915605,n,normal,normal,b,nhl,n,midbrain,-1.0261949109086974,neg_y
TTCCACGTCGCCAGTG-1_SNr31,1,Q,0.0,593,246,dopaminergic_neuron,m,0.21274810449831544,y,normal,normal,w,nhl,n,coronal,-0.6206539667351572,neg_y
GTTCCGTCACCGTACG-1_SN26,15,M,0.0014970059880238,1336,398,dopaminergic_neuron,m,1.149745075373876,y,normal,normal,b,nhl,y,midbrain,0.9204016211242958,neg_y
CGATGCGAGTTGAATG-1_SNr5,8,T,0.0034129692832758,586,286,dopaminergic_neuron,m,-0.2036949936686004,y,normal,normal,w,hl,n,midbrain,0.9204016211242958,neg_y
ATCCATTTCGATTGAC-1_SNr5,8,T,0.0,615,415,dopaminergic_neuron,m,-0.2036949936686004,y,normal,normal,w,hl,n,midbrain,0.9204016211242958,neg_y
AACGTCATCGGTCGGT-1_SNr33,15,S,0.0011494252873561,870,361,dopaminergic_neuron,m,1.149745075373876,y,normal,normal,b,nhl,y,midbrain,0.9204016211242958,neg_y
TCATTACGTCTTGCTC-1_SNr32,6,R,0.0107122177185868,3454,1505,dopaminergic_neuron,m,-0.6201380918355162,n,normal,normal,u,hl,n,midbrain,-0.37732940023103295,neg_n
GCTACAATCGCTGATA-1_SNr31,1,Q,0.0,333,272,dopaminergic_neuron,m,0.21274810449831544,y,normal,normal,w,nhl,n,coronal,-0.6206539667351572,neg_y
GTGAGGATCGAAGAAT-1_SN18,4,G,0.0089820359281428,1002,709,dopaminergic_neuron,m,-1.4530242881693478,n,normal,normal,b,nhl,n,coronal,2.8669981531572892,neg_n
TTCTAGTCACTGCGAC-1_SNr33,15,S,0.0,2212,195,dopaminergic_neuron,m,1.149745075373876,y,normal,normal,b,nhl,y,midbrain,0.9204016211242958,neg_y
AGCGCTGTCTGGGATT-1_SN25,14,L,0.0079924776680767,2127,1216,dopaminergic_neuron,f,-1.036581190002432,y,normal,normal,u,nhl,n,midbrain,0.2715361104466314,neg_n
GCGTGCATCGCTCATC-1_SNr31,1,Q,0.0106382978723402,4700,2158,dopaminergic_neuron,m,0.21274810449831544,y,normal,normal,w,nhl,n,coronal,-0.6206539667351572,neg_y
TCTTAGTAGTGCACCC-1_SNr33,15,S,0.0005875440658049,1702,517,dopaminergic_neuron,m,1.149745075373876,y,normal,normal,b,nhl,y,midbrain,0.9204016211242958,neg_y
GTTACGAAGAGGTTAT-1_HIV-9,10,E,0.0,873,668,dopaminergic_neuron,f,0.7333019772069602,y,normal,normal,u,hl,n,midbrain,-2.16170955459461,neg_y
AGCTCAATCAGACCGC-1_SNr32,6,R,0.0018382352941173,544,245,dopaminergic_neuron,m,-0.6201380918355162,n,normal,normal,u,hl,n,midbrain,-0.37732940023103295,neg_n
GCAGTTAGTACAAACA-1_SNr5,8,T,0.0,428,155,dopaminergic_neuron,m,-0.2036949936686004,y,normal,normal,w,hl,n,midbrain,0.9204016211242958,neg_y
AATGGCTGTACAAACA-1_SNr31,1,Q,0.0022421524663674,892,636,dopaminergic_neuron,m,0.21274810449831544,y,normal,normal,w,nhl,n,coronal,-0.6206539667351572,neg_y
ACACTGATCAGCTTCC-1_SNr33,16,S,0.0,915,405,dopaminergic_neuron,m,-1.8694673863362636,y,normal,normal,w,nhl,y,midbrain,1.0015098099590038,neg_y
TCACACCGTCAACCTA-1_HIV-9,10,E,0.0,1090,355,dopaminergic_neuron,f,0.7333019772069602,y,normal,normal,u,hl,n,midbrain,-2.16170955459461,neg_y
ATCCCTGGTTATCCAG-1_SNr33,15,S,0.0007142857142856,2800,585,dopaminergic_neuron,m,1.149745075373876,y,normal,normal,b,nhl,y,midbrain,0.9204016211242958,neg_y
AGGTCATCAGGCTCTG-1_SNr33,15,S,0.0006105006105005,1638,531,dopaminergic_neuron,m,1.149745075373876,y,normal,normal,b,nhl,y,midbrain,0.9204016211242958,neg_y
GTCAGCGAGCCTGCCA-1_SNr31,1,Q,0.0014005602240895,1428,734,dopaminergic_neuron,m,0.21274810449831544,y,normal,normal,w,nhl,n,coronal,-0.6206539667351572,neg_y
TGACTCCTCATTGGTG-1_SNr32,6,R,0.0,872,328,dopaminergic_neuron,m,-0.6201380918355162,n,normal,normal,u,hl,n,midbrain,-0.37732940023103295,neg_n
TTGCCTGCACATTACG-1_SN20,7,I,0.0098452883262995,711,502,dopaminergic_neuron,m,-3.2229074553787402,n,normal,normal,w,hl,n,midbrain,0.028211543942507272,neg_n
ATTGTTCGTAGGTCAG-1_SNr31,1,Q,0.0029069767441856,688,480,dopaminergic_neuron,m,0.21274810449831544,y,normal,normal,w,nhl,n,coronal,-0.6206539667351572,neg_y
CTTACCGCAGACGCTC-1_SNr33,15,S,0.000499251123315,2003,490,dopaminergic_neuron,m,1.149745075373876,y,normal,normal,b,nhl,y,midbrain,0.9204016211242958,neg_y
GCACGGTCATTGAAAG-1_SNr15,11,O,0.0090634441087585,331,275,dopaminergic_neuron,m,-0.7242488663772452,n,normal,normal,w,hl,n,midbrain,-0.6206539667351572,neg_n
CATCGGGCAACTGGTT-1_SNr3,3,P,0.005988023952095,835,625,dopaminergic_neuron,m,0.6291912026652312,y,normal,normal,u,hl,n,coronal,-0.7828703444045733,neg_y
ATTGGGTAGATAACGT-1_HIV-6,3,B,0.0,595,434,dopaminergic_neuron,m,0.6291912026652312,y,normal,normal,u,hl,n,coronal,-0.7828703444045733,neg_y
CAGATACGTCTGTAGT-1_SNr33,15,S,0.0016886187098952,2961,1103,dopaminergic_neuron,m,1.149745075373876,y,normal,normal,b,nhl,y,midbrain,0.9204016211242958,neg_y
CTACCTGAGAAGCTGC-1_SNr32,6,R,0.0,1242,389,dopaminergic_neuron,m,-0.6201380918355162,n,normal,normal,u,hl,n,midbrain,-0.37732940023103295,neg_n
ACTATTCCAGAATCGG-1_SNr31,1,Q,0.0010593220338981,944,624,dopaminergic_neuron,m,0.21274810449831544,y,normal,normal,w,nhl,n,coronal,-0.6206539667351572,neg_y
AAGAACATCTGCATAG-1_SN25,14,L,0.0012619888944976,3962,2067,dopaminergic_neuron,f,-1.036581190002432,y,normal,normal,u,nhl,n,midbrain,0.2715361104466314,neg_n
GGGTGTCTCGGTCACG-1_SNr31,1,Q,0.0062451209992188,1281,852,dopaminergic_neuron,m,0.21274810449831544,y,normal,normal,w,nhl,n,coronal,-0.6206539667351572,neg_y
CTCAAGAAGCATACTC-1_SN22,5,J,0.0125944584382863,1588,1117,dopaminergic_neuron,f,-2.2859104845031797,n,normal,normal,u,hl,n,midbrain,0.9204016211242958,neg_n
ATAGAGACAAGAAATC-1_SN25,14,L,0.0,569,298,dopaminergic_neuron,f,-1.036581190002432,y,normal,normal,u,nhl,n,midbrain,0.2715361104466314,neg_n
TACAACGGTGAGGAAA-1_SNr33,15,S,0.0083811204234667,2267,752,dopaminergic_neuron,m,1.149745075373876,y,normal,normal,b,nhl,y,midbrain,0.9204016211242958,neg_y
